WebShare,NewsShare,YoutubeShare,WikipediaShare,Polls,Ideologia,PartitNou,PartitEstablert,PartitAlGovern,PartitAlOposicio,Resultats,Pais,IdeologiaEsq,IdeologiaDre,PartitESP,PartitPOR,PartitITA,PartitGRE,DaysLeft,meanWikipediaShare,minWikipediaShare,maxWikipediaShare,medianWikipediaShare,sumWikipediaShare,meanWebShare,minWebShare,maxWebShare,medianWebShare,sumWebShare,meanNewsShare,minNewsShare,maxNewsShare,medianNewsShare,sumNewsShare,meanPolls,minPolls,maxPolls,medianPolls,sumPolls,CandWebShare,CandNewsShare,CandYoutubeShare,CandWikipediaShare
23.7,61.3,17.5,18.5,33.2,-2.0,0,1,0,1,33.06,1.0,0,2,1,0,0,0,14,18.72857142857143,15.2,23.1,18.7,262.20000000000005,24.264285714285712,21.4,31.2,23.6,339.7,28.757142857142856,0.0,61.3,27.9,402.59999999999997,33.23571428571429,31.0,35.0,33.45,465.3,34.1,0.0,15.4,29.1
31.2,28.8,16.9,23.1,33.7,-2.0,0,1,0,1,33.06,1.0,0,2,1,0,0,0,13,18.72857142857143,15.2,23.1,18.7,262.20000000000005,24.264285714285712,21.4,31.2,23.6,339.7,28.757142857142856,0.0,61.3,27.9,402.59999999999997,33.23571428571429,31.0,35.0,33.45,465.3,44.0,41.4,32.4,55.6
26.0,0.0,20.0,22.7,33.2,-2.0,0,1,0,1,33.06,1.0,0,2,1,0,0,0,12,18.72857142857143,15.2,23.1,18.7,262.20000000000005,24.264285714285712,21.4,31.2,23.6,339.7,28.757142857142856,0.0,61.3,27.9,402.59999999999997,33.23571428571429,31.0,35.0,33.45,465.3,43.6,50.0,42.5,49.4
24.1,38.0,18.2,21.0,34.1,-2.0,0,1,0,1,33.06,1.0,0,2,1,0,0,0,11,18.72857142857143,15.2,23.1,18.7,262.20000000000005,24.264285714285712,21.4,31.2,23.6,339.7,28.757142857142856,0.0,61.3,27.9,402.59999999999997,33.23571428571429,31.0,35.0,33.45,465.3,36.4,0.0,36.4,41.6
23.5,48.3,17.6,16.4,33.8,-2.0,0,1,0,1,33.06,1.0,0,2,1,0,0,0,10,18.72857142857143,15.2,23.1,18.7,262.20000000000005,24.264285714285712,21.4,31.2,23.6,339.7,28.757142857142856,0.0,61.3,27.9,402.59999999999997,33.23571428571429,31.0,35.0,33.45,465.3,32.7,47.4,24.2,33.3
23.0,56.7,13.2,19.0,34.9,-2.0,0,1,0,1,33.06,1.0,0,2,1,0,0,0,9,18.72857142857143,15.2,23.1,18.7,262.20000000000005,24.264285714285712,21.4,31.2,23.6,339.7,28.757142857142856,0.0,61.3,27.9,402.59999999999997,33.23571428571429,31.0,35.0,33.45,465.3,29.5,16.1,21.6,30.5
21.6,23.7,16.2,19.9,34.6,-2.0,0,1,0,1,33.06,1.0,0,2,1,0,0,0,8,18.72857142857143,15.2,23.1,18.7,262.20000000000005,24.264285714285712,21.4,31.2,23.6,339.7,28.757142857142856,0.0,61.3,27.9,402.59999999999997,33.23571428571429,31.0,35.0,33.45,465.3,28.8,39.5,21.4,30.5
23.1,0.0,22.6,19.6,35.0,-2.0,0,1,0,1,33.06,1.0,0,2,1,0,0,0,7,18.72857142857143,15.2,23.1,18.7,262.20000000000005,24.264285714285712,21.4,31.2,23.6,339.7,28.757142857142856,0.0,61.3,27.9,402.59999999999997,33.23571428571429,31.0,35.0,33.45,465.3,22.6,31.7,12.1,23.3
22.5,22.6,16.0,18.3,34.1,-2.0,0,1,0,1,33.06,1.0,0,2,1,0,0,0,6,18.72857142857143,15.2,23.1,18.7,262.20000000000005,24.264285714285712,21.4,31.2,23.6,339.7,28.757142857142856,0.0,61.3,27.9,402.59999999999997,33.23571428571429,31.0,35.0,33.45,465.3,36.9,35.5,32.6,25.0
24.1,49.4,11.6,18.9,31.5,-2.0,0,1,0,1,33.06,1.0,0,2,1,0,0,0,5,18.72857142857143,15.2,23.1,18.7,262.20000000000005,24.264285714285712,21.4,31.2,23.6,339.7,28.757142857142856,0.0,61.3,27.9,402.59999999999997,33.23571428571429,31.0,35.0,33.45,465.3,42.1,44.6,30.8,32.0
21.4,10.3,17.2,15.5,31.0,-2.0,0,1,0,1,33.06,1.0,0,2,1,0,0,0,4,18.72857142857143,15.2,23.1,18.7,262.20000000000005,24.264285714285712,21.4,31.2,23.6,339.7,28.757142857142856,0.0,61.3,27.9,402.59999999999997,33.23571428571429,31.0,35.0,33.45,465.3,26.4,59.1,22.1,11.8
21.5,36.5,12.9,15.2,31.5,-2.0,0,1,0,1,33.06,1.0,0,2,1,0,0,0,3,18.72857142857143,15.2,23.1,18.7,262.20000000000005,24.264285714285712,21.4,31.2,23.6,339.7,28.757142857142856,0.0,61.3,27.9,402.59999999999997,33.23571428571429,31.0,35.0,33.45,465.3,24.1,44.4,15.5,14.5
29.1,0.0,16.0,17.4,32.0,-2.0,0,1,0,1,33.06,1.0,0,2,1,0,0,0,2,18.72857142857143,15.2,23.1,18.7,262.20000000000005,24.264285714285712,21.4,31.2,23.6,339.7,28.757142857142856,0.0,61.3,27.9,402.59999999999997,33.23571428571429,31.0,35.0,33.45,465.3,27.4,56.9,19.5,22.7
24.9,27.0,19.2,16.7,32.7,-2.0,0,1,0,1,33.06,1.0,0,2,1,0,0,0,1,18.72857142857143,15.2,23.1,18.7,262.20000000000005,24.264285714285712,21.4,31.2,23.6,339.7,28.757142857142856,0.0,61.3,27.9,402.59999999999997,33.23571428571429,31.0,35.0,33.45,465.3,26.4,15.6,20.3,26.7
16.5,38.8,8.8,12.9,27.9,1.0,0,1,1,0,31.68,1.0,1,0,1,0,0,0,14,12.442857142857145,9.8,14.8,12.7,174.20000000000002,16.25714285714286,14.4,19.7,16.1,227.60000000000002,21.178571428571427,0.0,61.8,17.65,296.5,28.22857142857143,27.5,29.0,28.25,395.20000000000005,34.1,0.0,34.6,16.4
15.9,19.2,19.5,13.3,27.8,1.0,0,1,1,0,31.68,1.0,1,0,1,0,0,0,13,12.442857142857145,9.8,14.8,12.7,174.20000000000002,16.25714285714286,14.4,19.7,16.1,227.60000000000002,21.178571428571427,0.0,61.8,17.65,296.5,28.22857142857143,27.5,29.0,28.25,395.20000000000005,45.1,58.6,43.1,24.4
17.1,61.8,12.4,14.8,28.7,1.0,0,1,1,0,31.68,1.0,1,0,1,0,0,0,12,12.442857142857145,9.8,14.8,12.7,174.20000000000002,16.25714285714286,14.4,19.7,16.1,227.60000000000002,21.178571428571427,0.0,61.8,17.65,296.5,28.22857142857143,27.5,29.0,28.25,395.20000000000005,47.4,50.0,48.3,22.1
17.9,0.0,8.0,13.0,28.1,1.0,0,1,1,0,31.68,1.0,1,0,1,0,0,0,11,12.442857142857145,9.8,14.8,12.7,174.20000000000002,16.25714285714286,14.4,19.7,16.1,227.60000000000002,21.178571428571427,0.0,61.8,17.65,296.5,28.22857142857143,27.5,29.0,28.25,395.20000000000005,42.4,100.0,45.5,20.4
15.9,0.0,17.6,11.1,28.5,1.0,0,1,1,0,31.68,1.0,1,0,1,0,0,0,10,12.442857142857145,9.8,14.8,12.7,174.20000000000002,16.25714285714286,14.4,19.7,16.1,227.60000000000002,21.178571428571427,0.0,61.8,17.65,296.5,28.22857142857143,27.5,29.0,28.25,395.20000000000005,34.6,0.0,40.9,16.6
16.7,0.0,12.1,12.7,28.0,1.0,0,1,1,0,31.68,1.0,1,0,1,0,0,0,9,12.442857142857145,9.8,14.8,12.7,174.20000000000002,16.25714285714286,14.4,19.7,16.1,227.60000000000002,21.178571428571427,0.0,61.8,17.65,296.5,28.22857142857143,27.5,29.0,28.25,395.20000000000005,34.1,36.8,33.3,21.0
15.2,37.3,13.5,13.2,27.8,1.0,0,1,1,0,31.68,1.0,1,0,1,0,0,0,8,12.442857142857145,9.8,14.8,12.7,174.20000000000002,16.25714285714286,14.4,19.7,16.1,227.60000000000002,21.178571428571427,0.0,61.8,17.65,296.5,28.22857142857143,27.5,29.0,28.25,395.20000000000005,32.7,60.5,38.1,20.2
19.7,32.5,9.5,13.8,28.0,1.0,0,1,1,0,31.68,1.0,1,0,1,0,0,0,7,12.442857142857145,9.8,14.8,12.7,174.20000000000002,16.25714285714286,14.4,19.7,16.1,227.60000000000002,21.178571428571427,0.0,61.8,17.65,296.5,28.22857142857143,27.5,29.0,28.25,395.20000000000005,43.4,25.2,62.1,27.8
16.9,13.3,12.2,12.6,28.4,1.0,0,1,1,0,31.68,1.0,1,0,1,0,0,0,6,12.442857142857145,9.8,14.8,12.7,174.20000000000002,16.25714285714286,14.4,19.7,16.1,227.60000000000002,21.178571428571427,0.0,61.8,17.65,296.5,28.22857142857143,27.5,29.0,28.25,395.20000000000005,35.4,64.5,42.7,24.8
16.3,16.1,13.2,12.7,28.5,1.0,0,1,1,0,31.68,1.0,1,0,1,0,0,0,5,12.442857142857145,9.8,14.8,12.7,174.20000000000002,16.25714285714286,14.4,19.7,16.1,227.60000000000002,21.178571428571427,0.0,61.8,17.65,296.5,28.22857142857143,27.5,29.0,28.25,395.20000000000005,30.3,29.5,39.6,17.2
15.1,29.7,11.2,10.0,27.5,1.0,0,1,1,0,31.68,1.0,1,0,1,0,0,0,4,12.442857142857145,9.8,14.8,12.7,174.20000000000002,16.25714285714286,14.4,19.7,16.1,227.60000000000002,21.178571428571427,0.0,61.8,17.65,296.5,28.22857142857143,27.5,29.0,28.25,395.20000000000005,21.4,40.9,46.5,10.6
14.4,0.0,14.3,9.8,28.5,1.0,0,1,1,0,31.68,1.0,1,0,1,0,0,0,3,12.442857142857145,9.8,14.8,12.7,174.20000000000002,16.25714285714286,14.4,19.7,16.1,227.60000000000002,21.178571428571427,0.0,61.8,17.65,296.5,28.22857142857143,27.5,29.0,28.25,395.20000000000005,23.3,30.6,32.0,12.0
14.6,0.0,15.4,11.9,29.0,1.0,0,1,1,0,31.68,1.0,1,0,1,0,0,0,2,12.442857142857145,9.8,14.8,12.7,174.20000000000002,16.25714285714286,14.4,19.7,16.1,227.60000000000002,21.178571428571427,0.0,61.8,17.65,296.5,28.22857142857143,27.5,29.0,28.25,395.20000000000005,31.0,43.1,31.7,16.3
15.4,47.8,16.9,12.4,28.5,1.0,0,1,1,0,31.68,1.0,1,0,1,0,0,0,1,12.442857142857145,9.8,14.8,12.7,174.20000000000002,16.25714285714286,14.4,19.7,16.1,227.60000000000002,21.178571428571427,0.0,61.8,17.65,296.5,28.22857142857143,27.5,29.0,28.25,395.20000000000005,25.3,21.9,29.7,16.0
16.5,0.0,12.5,43.1,13.2,2.0,1,0,1,0,12.33,1.0,2,0,1,0,0,0,14,44.50714285714286,39.8,51.9,44.2,623.1,16.914285714285715,13.8,21.0,16.4,236.8,6.871428571428572,0.0,25.2,0.0,96.2,13.37142857142857,12.5,14.2,13.2,187.2,17.1,54.8,15.4,29.4
13.8,0.0,9.1,40.9,12.8,2.0,1,0,1,0,12.33,1.0,2,0,1,0,0,0,13,44.50714285714286,39.8,51.9,44.2,623.1,16.914285714285715,13.8,21.0,16.4,236.8,6.871428571428572,0.0,25.2,0.0,96.2,13.37142857142857,12.5,14.2,13.2,187.2,4.9,0.0,3.9,9.5
14.6,0.0,8.6,40.5,13.2,2.0,1,0,1,0,12.33,1.0,2,0,1,0,0,0,12,44.50714285714286,39.8,51.9,44.2,623.1,16.914285714285715,13.8,21.0,16.4,236.8,6.871428571428572,0.0,25.2,0.0,96.2,13.37142857142857,12.5,14.2,13.2,187.2,5.2,0.0,1.0,15.8
15.2,0.0,12.5,40.4,13.0,2.0,1,0,1,0,12.33,1.0,2,0,1,0,0,0,11,44.50714285714286,39.8,51.9,44.2,623.1,16.914285714285715,13.8,21.0,16.4,236.8,6.871428571428572,0.0,25.2,0.0,96.2,13.37142857142857,12.5,14.2,13.2,187.2,10.6,0.0,3.4,19.7
17.4,0.0,9.8,49.5,13.2,2.0,1,0,1,0,12.33,1.0,2,0,1,0,0,0,10,44.50714285714286,39.8,51.9,44.2,623.1,16.914285714285715,13.8,21.0,16.4,236.8,6.871428571428572,0.0,25.2,0.0,96.2,13.37142857142857,12.5,14.2,13.2,187.2,19.2,52.6,7.6,27.7
15.9,10.8,6.6,40.5,12.5,2.0,1,0,1,0,12.33,1.0,2,0,1,0,0,0,9,44.50714285714286,39.8,51.9,44.2,623.1,16.914285714285715,13.8,21.0,16.4,236.8,6.871428571428572,0.0,25.2,0.0,96.2,13.37142857142857,12.5,14.2,13.2,187.2,18.2,47.1,9.8,23.6
18.4,17.8,10.8,39.8,12.9,2.0,1,0,1,0,12.33,1.0,2,0,1,0,0,0,8,44.50714285714286,39.8,51.9,44.2,623.1,16.914285714285715,13.8,21.0,16.4,236.8,6.871428571428572,0.0,25.2,0.0,96.2,13.37142857142857,12.5,14.2,13.2,187.2,23.1,0.0,11.9,26.2
16.2,0.0,14.3,40.8,12.8,2.0,1,0,1,0,12.33,1.0,2,0,1,0,0,0,7,44.50714285714286,39.8,51.9,44.2,623.1,16.914285714285715,13.8,21.0,16.4,236.8,6.871428571428572,0.0,25.2,0.0,96.2,13.37142857142857,12.5,14.2,13.2,187.2,20.8,22.0,6.1,27.9
16.9,12.8,9.9,46.5,13.4,2.0,1,0,1,0,12.33,1.0,2,0,1,0,0,0,6,44.50714285714286,39.8,51.9,44.2,623.1,16.914285714285715,13.8,21.0,16.4,236.8,6.871428571428572,0.0,25.2,0.0,96.2,13.37142857142857,12.5,14.2,13.2,187.2,15.4,0.0,7.9,30.5
16.3,0.0,11.6,45.3,14.0,2.0,1,0,1,0,12.33,1.0,2,0,1,0,0,0,5,44.50714285714286,39.8,51.9,44.2,623.1,16.914285714285715,13.8,21.0,16.4,236.8,6.871428571428572,0.0,25.2,0.0,96.2,13.37142857142857,12.5,14.2,13.2,187.2,13.2,11.6,4.4,30.0
20.3,9.0,11.2,50.4,14.2,2.0,1,0,1,0,12.33,1.0,2,0,1,0,0,0,4,44.50714285714286,39.8,51.9,44.2,623.1,16.914285714285715,13.8,21.0,16.4,236.8,6.871428571428572,0.0,25.2,0.0,96.2,13.37142857142857,12.5,14.2,13.2,187.2,32.1,0.0,10.5,49.0
21.0,20.6,17.0,51.9,14.0,2.0,1,0,1,0,12.33,1.0,2,0,1,0,0,0,3,44.50714285714286,39.8,51.9,44.2,623.1,16.914285714285715,13.8,21.0,16.4,236.8,6.871428571428572,0.0,25.2,0.0,96.2,13.37142857142857,12.5,14.2,13.2,187.2,34.5,25.0,19.6,47.9
16.0,0.0,11.4,47.2,14.0,2.0,1,0,1,0,12.33,1.0,2,0,1,0,0,0,2,44.50714285714286,39.8,51.9,44.2,623.1,16.914285714285715,13.8,21.0,16.4,236.8,6.871428571428572,0.0,25.2,0.0,96.2,13.37142857142857,12.5,14.2,13.2,187.2,26.2,0.0,19.5,38.6
18.3,25.2,14.6,46.3,14.0,2.0,1,0,1,0,12.33,1.0,2,0,1,0,0,0,1,44.50714285714286,39.8,51.9,44.2,623.1,16.914285714285715,13.8,21.0,16.4,236.8,6.871428571428572,0.0,25.2,0.0,96.2,13.37142857142857,12.5,14.2,13.2,187.2,28.7,62.5,18.8,36.2
43.3,0.0,61.3,25.5,13.9,-3.0,1,0,0,1,12.38,1.0,0,3,1,0,0,0,14,24.314285714285717,21.9,27.8,23.8,340.40000000000003,42.58571428571428,39.1,44.8,43.150000000000006,596.1999999999999,43.19285714285714,0.0,100.0,46.95,604.7,13.350000000000003,12.8,14.3,13.25,186.90000000000003,14.6,45.2,34.6,25.1
39.1,51.9,54.5,22.7,13.7,-3.0,1,0,0,1,12.38,1.0,0,3,1,0,0,0,13,24.314285714285717,21.9,27.8,23.8,340.40000000000003,42.58571428571428,39.1,44.8,43.150000000000006,596.1999999999999,43.19285714285714,0.0,100.0,46.95,604.7,13.350000000000003,12.8,14.3,13.25,186.90000000000003,6.0,0.0,20.6,10.5
42.3,38.2,59.0,21.9,13.9,-3.0,1,0,0,1,12.38,1.0,0,3,1,0,0,0,12,24.314285714285717,21.9,27.8,23.8,340.40000000000003,42.58571428571428,39.1,44.8,43.150000000000006,596.1999999999999,43.19285714285714,0.0,100.0,46.95,604.7,13.350000000000003,12.8,14.3,13.25,186.90000000000003,3.8,0.0,8.2,12.6
42.9,62.0,61.4,25.6,13.4,-3.0,1,0,0,1,12.38,1.0,0,3,1,0,0,0,11,24.314285714285717,21.9,27.8,23.8,340.40000000000003,42.58571428571428,39.1,44.8,43.150000000000006,596.1999999999999,43.19285714285714,0.0,100.0,46.95,604.7,13.350000000000003,12.8,14.3,13.25,186.90000000000003,10.6,0.0,14.8,18.3
43.2,51.7,54.9,23.0,13.1,-3.0,1,0,0,1,12.38,1.0,0,3,1,0,0,0,10,24.314285714285717,21.9,27.8,23.8,340.40000000000003,42.58571428571428,39.1,44.8,43.150000000000006,596.1999999999999,43.19285714285714,0.0,100.0,46.95,604.7,13.350000000000003,12.8,14.3,13.25,186.90000000000003,13.5,0.0,27.3,22.3
44.4,32.5,68.1,27.8,12.9,-3.0,1,0,0,1,12.38,1.0,0,3,1,0,0,0,9,24.314285714285717,21.9,27.8,23.8,340.40000000000003,42.58571428571428,39.1,44.8,43.150000000000006,596.1999999999999,43.19285714285714,0.0,100.0,46.95,604.7,13.350000000000003,12.8,14.3,13.25,186.90000000000003,18.2,0.0,35.3,24.9
44.8,21.2,59.5,27.0,12.9,-3.0,1,0,0,1,12.38,1.0,0,3,1,0,0,0,8,24.314285714285717,21.9,27.8,23.8,340.40000000000003,42.58571428571428,39.1,44.8,43.150000000000006,596.1999999999999,43.19285714285714,0.0,100.0,46.95,604.7,13.350000000000003,12.8,14.3,13.25,186.90000000000003,15.4,0.0,28.6,23.1
41.0,67.5,53.6,25.8,12.8,-3.0,1,0,0,1,12.38,1.0,0,3,1,0,0,0,7,24.314285714285717,21.9,27.8,23.8,340.40000000000003,42.58571428571428,39.1,44.8,43.150000000000006,596.1999999999999,43.19285714285714,0.0,100.0,46.95,604.7,13.350000000000003,12.8,14.3,13.25,186.90000000000003,13.2,21.1,19.7,20.9
43.7,51.3,61.8,22.6,13.0,-3.0,1,0,0,1,12.38,1.0,0,3,1,0,0,0,6,24.314285714285717,21.9,27.8,23.8,340.40000000000003,42.58571428571428,39.1,44.8,43.150000000000006,596.1999999999999,43.19285714285714,0.0,100.0,46.95,604.7,13.350000000000003,12.8,14.3,13.25,186.90000000000003,12.3,0.0,16.9,19.7
43.3,34.5,63.6,23.2,13.5,-3.0,1,0,0,1,12.38,1.0,0,3,1,0,0,0,5,24.314285714285717,21.9,27.8,23.8,340.40000000000003,42.58571428571428,39.1,44.8,43.150000000000006,596.1999999999999,43.19285714285714,0.0,100.0,46.95,604.7,13.350000000000003,12.8,14.3,13.25,186.90000000000003,14.5,14.3,25.3,20.8
43.2,51.0,60.3,24.1,14.3,-3.0,1,0,0,1,12.38,1.0,0,3,1,0,0,0,4,24.314285714285717,21.9,27.8,23.8,340.40000000000003,42.58571428571428,39.1,44.8,43.150000000000006,596.1999999999999,43.19285714285714,0.0,100.0,46.95,604.7,13.350000000000003,12.8,14.3,13.25,186.90000000000003,20.0,0.0,20.9,28.6
43.1,42.9,55.8,23.1,13.5,-3.0,1,0,0,1,12.38,1.0,0,3,1,0,0,0,3,24.314285714285717,21.9,27.8,23.8,340.40000000000003,42.58571428571428,39.1,44.8,43.150000000000006,596.1999999999999,43.19285714285714,0.0,100.0,46.95,604.7,13.350000000000003,12.8,14.3,13.25,186.90000000000003,18.1,0.0,33.0,25.6
40.4,100.0,57.1,23.5,13.0,-3.0,1,0,0,1,12.38,1.0,0,3,1,0,0,0,2,24.314285714285717,21.9,27.8,23.8,340.40000000000003,42.58571428571428,39.1,44.8,43.150000000000006,596.1999999999999,43.19285714285714,0.0,100.0,46.95,604.7,13.350000000000003,12.8,14.3,13.25,186.90000000000003,15.5,0.0,29.3,22.5
41.5,0.0,49.2,24.6,13.0,-3.0,1,0,0,1,12.38,1.0,0,3,1,0,0,0,1,24.314285714285717,21.9,27.8,23.8,340.40000000000003,42.58571428571428,39.1,44.8,43.150000000000006,596.1999999999999,43.19285714285714,0.0,100.0,46.95,604.7,13.350000000000003,12.8,14.3,13.25,186.90000000000003,19.5,0.0,31.2,21.1
25.9,25.0,30.3,31.3,24.8,-3.0,1,0,1,0,26.0,2.0,0,3,0,0,1,0,14,31.657142857142855,29.4,35.5,31.6,443.2,23.328571428571426,19.0,32.3,22.8,326.59999999999997,14.035714285714283,0.0,37.5,13.299999999999999,196.49999999999997,25.014285714285712,24.8,25.4,25.0,350.2,58.0,13.2,54.3,57.7
21.6,25.3,38.6,31.7,25.4,-3.0,1,0,1,0,26.0,2.0,0,3,0,0,1,0,13,31.657142857142855,29.4,35.5,31.6,443.2,23.328571428571426,19.0,32.3,22.8,326.59999999999997,14.035714285714283,0.0,37.5,13.299999999999999,196.49999999999997,25.014285714285712,24.8,25.4,25.0,350.2,53.4,100.0,54.4,53.6
22.8,0.0,43.3,29.4,25.0,-3.0,1,0,1,0,26.0,2.0,0,3,0,0,1,0,12,31.657142857142855,29.4,35.5,31.6,443.2,23.328571428571426,19.0,32.3,22.8,326.59999999999997,14.035714285714283,0.0,37.5,13.299999999999999,196.49999999999997,25.014285714285712,24.8,25.4,25.0,350.2,50.0,46.7,50.8,52.3
22.8,37.3,43.0,30.8,25.0,-3.0,1,0,1,0,26.0,2.0,0,3,0,0,1,0,11,31.657142857142855,29.4,35.5,31.6,443.2,23.328571428571426,19.0,32.3,22.8,326.59999999999997,14.035714285714283,0.0,37.5,13.299999999999999,196.49999999999997,25.014285714285712,24.8,25.4,25.0,350.2,46.3,15.0,50.9,52.4
32.3,0.0,57.6,35.5,25.0,-3.0,1,0,1,0,26.0,2.0,0,3,0,0,1,0,10,31.657142857142855,29.4,35.5,31.6,443.2,23.328571428571426,19.0,32.3,22.8,326.59999999999997,14.035714285714283,0.0,37.5,13.299999999999999,196.49999999999997,25.014285714285712,24.8,25.4,25.0,350.2,54.2,83.1,49.0,60.8
25.8,19.8,35.5,32.1,25.0,-3.0,1,0,1,0,26.0,2.0,0,3,0,0,1,0,9,31.657142857142855,29.4,35.5,31.6,443.2,23.328571428571426,19.0,32.3,22.8,326.59999999999997,14.035714285714283,0.0,37.5,13.299999999999999,196.49999999999997,25.014285714285712,24.8,25.4,25.0,350.2,50.8,41.7,51.3,57.0
24.6,0.0,28.7,31.6,25.0,-3.0,1,0,1,0,26.0,2.0,0,3,0,0,1,0,8,31.657142857142855,29.4,35.5,31.6,443.2,23.328571428571426,19.0,32.3,22.8,326.59999999999997,14.035714285714283,0.0,37.5,13.299999999999999,196.49999999999997,25.014285714285712,24.8,25.4,25.0,350.2,51.6,32.2,46.2,54.1
20.3,0.0,41.3,31.6,25.0,-3.0,1,0,1,0,26.0,2.0,0,3,0,0,1,0,7,31.657142857142855,29.4,35.5,31.6,443.2,23.328571428571426,19.0,32.3,22.8,326.59999999999997,14.035714285714283,0.0,37.5,13.299999999999999,196.49999999999997,25.014285714285712,24.8,25.4,25.0,350.2,50.6,59.8,56.4,54.2
25.6,0.0,36.2,32.4,25.0,-3.0,1,0,1,0,26.0,2.0,0,3,0,0,1,0,6,31.657142857142855,29.4,35.5,31.6,443.2,23.328571428571426,19.0,32.3,22.8,326.59999999999997,14.035714285714283,0.0,37.5,13.299999999999999,196.49999999999997,25.014285714285712,24.8,25.4,25.0,350.2,56.8,60.6,50.0,59.7
22.9,25.0,41.7,33.3,25.0,-3.0,1,0,1,0,26.0,2.0,0,3,0,0,1,0,5,31.657142857142855,29.4,35.5,31.6,443.2,23.328571428571426,19.0,32.3,22.8,326.59999999999997,14.035714285714283,0.0,37.5,13.299999999999999,196.49999999999997,25.014285714285712,24.8,25.4,25.0,350.2,53.3,52.3,55.4,52.4
19.8,18.9,32.6,31.8,25.0,-3.0,1,0,1,0,26.0,2.0,0,3,0,0,1,0,4,31.657142857142855,29.4,35.5,31.6,443.2,23.328571428571426,19.0,32.3,22.8,326.59999999999997,14.035714285714283,0.0,37.5,13.299999999999999,196.49999999999997,25.014285714285712,24.8,25.4,25.0,350.2,53.2,57.8,47.5,52.8
21.8,37.5,58.6,30.2,25.0,-3.0,1,0,1,0,26.0,2.0,0,3,0,0,1,0,3,31.657142857142855,29.4,35.5,31.6,443.2,23.328571428571426,19.0,32.3,22.8,326.59999999999997,14.035714285714283,0.0,37.5,13.299999999999999,196.49999999999997,25.014285714285712,24.8,25.4,25.0,350.2,54.2,60.4,52.0,48.6
21.4,7.7,29.5,31.3,25.0,-3.0,1,0,1,0,26.0,2.0,0,3,0,0,1,0,2,31.657142857142855,29.4,35.5,31.6,443.2,23.328571428571426,19.0,32.3,22.8,326.59999999999997,14.035714285714283,0.0,37.5,13.299999999999999,196.49999999999997,25.014285714285712,24.8,25.4,25.0,350.2,59.2,36.8,47.4,56.1
19.0,0.0,36.1,30.2,25.0,-3.0,1,0,1,0,26.0,2.0,0,3,0,0,1,0,1,31.657142857142855,29.4,35.5,31.6,443.2,23.328571428571426,19.0,32.3,22.8,326.59999999999997,14.035714285714283,0.0,37.5,13.299999999999999,196.49999999999997,25.014285714285712,24.8,25.4,25.0,350.2,55.1,48.5,53.2,57.0
27.6,25.0,36.4,25.6,13.3,1.0,1,0,1,0,15.43,2.0,1,1,0,0,1,0,14,27.085714285714282,24.1,32.2,26.65,379.19999999999993,29.10714285714286,24.4,31.6,29.299999999999997,407.50000000000006,28.45714285714286,0.0,100.0,24.6,398.40000000000003,15.171428571428574,13.3,15.4,15.4,212.40000000000003,17.4,40.6,20.0,12.2
29.4,24.2,32.7,25.1,14.3,1.0,1,0,1,0,15.43,2.0,1,1,0,0,1,0,13,27.085714285714282,24.1,32.2,26.65,379.19999999999993,29.10714285714286,24.4,31.6,29.299999999999997,407.50000000000006,28.45714285714286,0.0,100.0,24.6,398.40000000000003,15.171428571428574,13.3,15.4,15.4,212.40000000000003,12.5,0.0,6.6,13.5
31.6,0.0,24.1,27.0,15.4,1.0,1,0,1,0,15.43,2.0,1,1,0,0,1,0,12,27.085714285714282,24.1,32.2,26.65,379.19999999999993,29.10714285714286,24.4,31.6,29.299999999999997,407.50000000000006,28.45714285714286,0.0,100.0,24.6,398.40000000000003,15.171428571428574,13.3,15.4,15.4,212.40000000000003,13.8,16.8,6.6,11.1
31.6,47.1,15.6,26.8,15.4,1.0,1,0,1,0,15.43,2.0,1,1,0,0,1,0,11,27.085714285714282,24.1,32.2,26.65,379.19999999999993,29.10714285714286,24.4,31.6,29.299999999999997,407.50000000000006,28.45714285714286,0.0,100.0,24.6,398.40000000000003,15.171428571428574,13.3,15.4,15.4,212.40000000000003,17.9,43.9,9.8,14.3
25.8,0.0,10.2,24.1,15.4,1.0,1,0,1,0,15.43,2.0,1,1,0,0,1,0,10,27.085714285714282,24.1,32.2,26.65,379.19999999999993,29.10714285714286,24.4,31.6,29.299999999999997,407.50000000000006,28.45714285714286,0.0,100.0,24.6,398.40000000000003,15.171428571428574,13.3,15.4,15.4,212.40000000000003,16.7,0.0,15.7,12.6
27.4,0.0,32.7,25.3,15.4,1.0,1,0,1,0,15.43,2.0,1,1,0,0,1,0,9,27.085714285714282,24.1,32.2,26.65,379.19999999999993,29.10714285714286,24.4,31.6,29.299999999999997,407.50000000000006,28.45714285714286,0.0,100.0,24.6,398.40000000000003,15.171428571428574,13.3,15.4,15.4,212.40000000000003,21.5,25.0,14.1,14.5
30.4,100.0,14.8,25.7,15.4,1.0,1,0,1,0,15.43,2.0,1,1,0,0,1,0,8,27.085714285714282,24.1,32.2,26.65,379.19999999999993,29.10714285714286,24.4,31.6,29.299999999999997,407.50000000000006,28.45714285714286,0.0,100.0,24.6,398.40000000000003,15.171428571428574,13.3,15.4,15.4,212.40000000000003,20.3,67.8,15.4,16.6
29.1,40.0,14.9,25.3,15.4,1.0,1,0,1,0,15.43,2.0,1,1,0,0,1,0,7,27.085714285714282,24.1,32.2,26.65,379.19999999999993,29.10714285714286,24.4,31.6,29.299999999999997,407.50000000000006,28.45714285714286,0.0,100.0,24.6,398.40000000000003,15.171428571428574,13.3,15.4,15.4,212.40000000000003,20.0,21.7,16.7,13.8
24.4,54.1,46.2,26.5,15.4,1.0,1,0,1,0,15.43,2.0,1,1,0,0,1,0,6,27.085714285714282,24.1,32.2,26.65,379.19999999999993,29.10714285714286,24.4,31.6,29.299999999999997,407.50000000000006,28.45714285714286,0.0,100.0,24.6,398.40000000000003,15.171428571428574,13.3,15.4,15.4,212.40000000000003,18.5,39.4,18.3,12.6
29.2,25.0,27.8,28.0,15.4,1.0,1,0,1,0,15.43,2.0,1,1,0,0,1,0,5,27.085714285714282,24.1,32.2,26.65,379.19999999999993,29.10714285714286,24.4,31.6,29.299999999999997,407.50000000000006,28.45714285714286,0.0,100.0,24.6,398.40000000000003,15.171428571428574,13.3,15.4,15.4,212.40000000000003,17.8,0.0,13.0,16.2
27.1,17.0,28.7,27.9,15.4,1.0,1,0,1,0,15.43,2.0,1,1,0,0,1,0,4,27.085714285714282,24.1,32.2,26.65,379.19999999999993,29.10714285714286,24.4,31.6,29.299999999999997,407.50000000000006,28.45714285714286,0.0,100.0,24.6,398.40000000000003,15.171428571428574,13.3,15.4,15.4,212.40000000000003,20.2,22.0,22.8,16.8
31.1,18.2,15.4,30.0,15.4,1.0,1,0,1,0,15.43,2.0,1,1,0,0,1,0,3,27.085714285714282,24.1,32.2,26.65,379.19999999999993,29.10714285714286,24.4,31.6,29.299999999999997,407.50000000000006,28.45714285714286,0.0,100.0,24.6,398.40000000000003,15.171428571428574,13.3,15.4,15.4,212.40000000000003,22.9,39.6,18.4,21.8
31.2,47.8,29.2,29.7,15.4,1.0,1,0,1,0,15.43,2.0,1,1,0,0,1,0,2,27.085714285714282,24.1,32.2,26.65,379.19999999999993,29.10714285714286,24.4,31.6,29.299999999999997,407.50000000000006,28.45714285714286,0.0,100.0,24.6,398.40000000000003,15.171428571428574,13.3,15.4,15.4,212.40000000000003,18.3,0.0,23.0,15.1
31.6,0.0,24.5,32.2,15.4,1.0,1,0,1,0,15.43,2.0,1,1,0,0,1,0,1,27.085714285714282,24.1,32.2,26.65,379.19999999999993,29.10714285714286,24.4,31.6,29.299999999999997,407.50000000000006,28.45714285714286,0.0,100.0,24.6,398.40000000000003,15.171428571428574,13.3,15.4,15.4,212.40000000000003,22.2,51.5,16.7,15.9
36.2,25.0,25.3,29.8,21.7,1.0,0,1,0,1,19.07,2.0,1,0,0,0,1,0,14,28.87142857142857,27.0,30.8,29.049999999999997,404.2,37.72857142857142,32.3,43.3,37.5,528.1999999999999,33.892857142857146,0.0,100.0,25.0,474.5,21.457142857142856,21.4,21.9,21.4,300.4,10.1,26.4,5.7,16.2
43.1,50.5,28.7,29.8,21.9,1.0,0,1,0,1,19.07,2.0,1,0,0,0,1,0,13,28.87142857142857,27.0,30.8,29.049999999999997,404.2,37.72857142857142,32.3,43.3,37.5,528.1999999999999,33.892857142857146,0.0,100.0,25.0,474.5,21.457142857142856,21.4,21.9,21.4,300.4,23.9,0.0,27.2,20.6
38.6,23.4,18.4,30.8,21.4,1.0,0,1,0,1,19.07,2.0,1,0,0,0,1,0,12,28.87142857142857,27.0,30.8,29.049999999999997,404.2,37.72857142857142,32.3,43.3,37.5,528.1999999999999,33.892857142857146,0.0,100.0,25.0,474.5,21.457142857142856,21.4,21.9,21.4,300.4,25.5,22.8,34.5,24.7
38.6,15.7,27.3,29.6,21.4,1.0,0,1,0,1,19.07,2.0,1,0,0,0,1,0,11,28.87142857142857,27.0,30.8,29.049999999999997,404.2,37.72857142857142,32.3,43.3,37.5,528.1999999999999,33.892857142857146,0.0,100.0,25.0,474.5,21.457142857142856,21.4,21.9,21.4,300.4,14.9,12.1,19.6,19.5
33.9,100.0,22.0,27.4,21.4,1.0,0,1,0,1,19.07,2.0,1,0,0,0,1,0,10,28.87142857142857,27.0,30.8,29.049999999999997,404.2,37.72857142857142,32.3,43.3,37.5,528.1999999999999,33.892857142857146,0.0,100.0,25.0,474.5,21.457142857142856,21.4,21.9,21.4,300.4,9.7,0.0,14.7,15.4
32.3,20.8,17.8,29.2,21.4,1.0,0,1,0,1,19.07,2.0,1,0,0,0,1,0,9,28.87142857142857,27.0,30.8,29.049999999999997,404.2,37.72857142857142,32.3,43.3,37.5,528.1999999999999,33.892857142857146,0.0,100.0,25.0,474.5,21.457142857142856,21.4,21.9,21.4,300.4,10.8,33.3,10.3,16.3
33.3,0.0,42.6,29.2,21.4,1.0,0,1,0,1,19.07,2.0,1,0,0,0,1,0,8,28.87142857142857,27.0,30.8,29.049999999999997,404.2,37.72857142857142,32.3,43.3,37.5,528.1999999999999,33.892857142857146,0.0,100.0,25.0,474.5,21.457142857142856,21.4,21.9,21.4,300.4,9.4,0.0,9.2,15.9
36.7,60.0,23.1,28.5,21.4,1.0,0,1,0,1,19.07,2.0,1,0,0,0,1,0,7,28.87142857142857,27.0,30.8,29.049999999999997,404.2,37.72857142857142,32.3,43.3,37.5,528.1999999999999,33.892857142857146,0.0,100.0,25.0,474.5,21.457142857142856,21.4,21.9,21.4,300.4,10.6,18.5,5.1,19.1
37.2,30.6,17.7,28.1,21.4,1.0,0,1,0,1,19.07,2.0,1,0,0,0,1,0,6,28.87142857142857,27.0,30.8,29.049999999999997,404.2,37.72857142857142,32.3,43.3,37.5,528.1999999999999,33.892857142857146,0.0,100.0,25.0,474.5,21.457142857142856,21.4,21.9,21.4,300.4,9.9,0.0,8.5,17.1
36.5,25.0,30.6,27.0,21.4,1.0,0,1,0,1,19.07,2.0,1,0,0,0,1,0,5,28.87142857142857,27.0,30.8,29.049999999999997,404.2,37.72857142857142,32.3,43.3,37.5,528.1999999999999,33.892857142857146,0.0,100.0,25.0,474.5,21.457142857142856,21.4,21.9,21.4,300.4,11.1,0.0,8.7,18.6
41.7,64.2,21.5,28.7,21.4,1.0,0,1,0,1,19.07,2.0,1,0,0,0,1,0,4,28.87142857142857,27.0,30.8,29.049999999999997,404.2,37.72857142857142,32.3,43.3,37.5,528.1999999999999,33.892857142857146,0.0,100.0,25.0,474.5,21.457142857142856,21.4,21.9,21.4,300.4,10.6,20.2,8.9,18.0
37.8,14.8,11.1,28.9,21.4,1.0,0,1,0,1,19.07,2.0,1,0,0,0,1,0,3,28.87142857142857,27.0,30.8,29.049999999999997,404.2,37.72857142857142,32.3,43.3,37.5,528.1999999999999,33.892857142857146,0.0,100.0,25.0,474.5,21.457142857142856,21.4,21.9,21.4,300.4,8.5,0.0,7.2,18.7
39.0,44.5,35.6,29.4,21.4,1.0,0,1,0,1,19.07,2.0,1,0,0,0,1,0,2,28.87142857142857,27.0,30.8,29.049999999999997,404.2,37.72857142857142,32.3,43.3,37.5,528.1999999999999,33.892857142857146,0.0,100.0,25.0,474.5,21.457142857142856,21.4,21.9,21.4,300.4,10.1,35.1,7.2,19.8
43.3,0.0,30.3,27.8,21.4,1.0,0,1,0,1,19.07,2.0,1,0,0,0,1,0,1,28.87142857142857,27.0,30.8,29.049999999999997,404.2,37.72857142857142,32.3,43.3,37.5,528.1999999999999,33.892857142857146,0.0,100.0,25.0,474.5,21.457142857142856,21.4,21.9,21.4,300.4,9.7,0.0,9.0,17.8
10.3,25.0,8.1,13.2,11.3,-3.0,0,1,1,0,8.77,2.0,0,3,0,0,1,0,14,12.378571428571425,9.6,14.6,12.9,173.29999999999995,9.842857142857143,5.9,14.5,9.75,137.8,23.62857142857143,0.0,100.0,7.65,330.8,10.157142857142857,10.0,11.3,10.0,142.2,14.5,19.8,20.0,13.9
5.9,0.0,0.0,13.3,10.9,-3.0,0,1,1,0,8.77,2.0,0,3,0,0,1,0,13,12.378571428571425,9.6,14.6,12.9,173.29999999999995,9.842857142857143,5.9,14.5,9.75,137.8,23.62857142857143,0.0,100.0,7.65,330.8,10.157142857142857,10.0,11.3,10.0,142.2,10.2,0.0,11.8,12.3
7.0,76.6,14.2,12.8,10.0,-3.0,0,1,1,0,8.77,2.0,0,3,0,0,1,0,12,12.378571428571425,9.6,14.6,12.9,173.29999999999995,9.842857142857143,5.9,14.5,9.75,137.8,23.62857142857143,0.0,100.0,7.65,330.8,10.157142857142857,10.0,11.3,10.0,142.2,10.6,13.8,8.1,11.9
7.0,0.0,14.1,12.8,10.0,-3.0,0,1,1,0,8.77,2.0,0,3,0,0,1,0,11,12.378571428571425,9.6,14.6,12.9,173.29999999999995,9.842857142857143,5.9,14.5,9.75,137.8,23.62857142857143,0.0,100.0,7.65,330.8,10.157142857142857,10.0,11.3,10.0,142.2,20.9,29.0,19.6,13.8
8.1,0.0,10.2,13.0,10.0,-3.0,0,1,1,0,8.77,2.0,0,3,0,0,1,0,10,12.378571428571425,9.6,14.6,12.9,173.29999999999995,9.842857142857143,5.9,14.5,9.75,137.8,23.62857142857143,0.0,100.0,7.65,330.8,10.157142857142857,10.0,11.3,10.0,142.2,19.4,16.9,20.6,11.2
14.5,59.4,14.0,13.4,10.0,-3.0,0,1,1,0,8.77,2.0,0,3,0,0,1,0,9,12.378571428571425,9.6,14.6,12.9,173.29999999999995,9.842857142857143,5.9,14.5,9.75,137.8,23.62857142857143,0.0,100.0,7.65,330.8,10.157142857142857,10.0,11.3,10.0,142.2,16.9,0.0,24.4,12.2
11.6,0.0,13.9,13.5,10.0,-3.0,0,1,1,0,8.77,2.0,0,3,0,0,1,0,8,12.378571428571425,9.6,14.6,12.9,173.29999999999995,9.842857142857143,5.9,14.5,9.75,137.8,23.62857142857143,0.0,100.0,7.65,330.8,10.157142857142857,10.0,11.3,10.0,142.2,18.8,0.0,29.2,13.4
13.9,0.0,20.7,14.6,10.0,-3.0,0,1,1,0,8.77,2.0,0,3,0,0,1,0,7,12.378571428571425,9.6,14.6,12.9,173.29999999999995,9.842857142857143,5.9,14.5,9.75,137.8,23.62857142857143,0.0,100.0,7.65,330.8,10.157142857142857,10.0,11.3,10.0,142.2,18.8,0.0,21.8,12.9
12.8,15.3,0.0,13.1,10.0,-3.0,0,1,1,0,8.77,2.0,0,3,0,0,1,0,6,12.378571428571425,9.6,14.6,12.9,173.29999999999995,9.842857142857143,5.9,14.5,9.75,137.8,23.62857142857143,0.0,100.0,7.65,330.8,10.157142857142857,10.0,11.3,10.0,142.2,14.8,0.0,23.2,10.6
11.5,25.0,0.0,11.7,10.0,-3.0,0,1,1,0,8.77,2.0,0,3,0,0,1,0,5,12.378571428571425,9.6,14.6,12.9,173.29999999999995,9.842857142857143,5.9,14.5,9.75,137.8,23.62857142857143,0.0,100.0,7.65,330.8,10.157142857142857,10.0,11.3,10.0,142.2,17.8,47.7,22.8,12.9
11.5,0.0,17.1,11.7,10.0,-3.0,0,1,1,0,8.77,2.0,0,3,0,0,1,0,4,12.378571428571425,9.6,14.6,12.9,173.29999999999995,9.842857142857143,5.9,14.5,9.75,137.8,23.62857142857143,0.0,100.0,7.65,330.8,10.157142857142857,10.0,11.3,10.0,142.2,16.0,0.0,20.8,12.4
9.2,29.5,14.8,10.9,10.0,-3.0,0,1,1,0,8.77,2.0,0,3,0,0,1,0,3,12.378571428571425,9.6,14.6,12.9,173.29999999999995,9.842857142857143,5.9,14.5,9.75,137.8,23.62857142857143,0.0,100.0,7.65,330.8,10.157142857142857,10.0,11.3,10.0,142.2,14.4,0.0,22.4,10.8
8.4,0.0,5.7,9.6,10.0,-3.0,0,1,1,0,8.77,2.0,0,3,0,0,1,0,2,12.378571428571425,9.6,14.6,12.9,173.29999999999995,9.842857142857143,5.9,14.5,9.75,137.8,23.62857142857143,0.0,100.0,7.65,330.8,10.157142857142857,10.0,11.3,10.0,142.2,12.4,28.1,22.4,9.0
6.1,100.0,9.1,9.7,10.0,-3.0,0,1,1,0,8.77,2.0,0,3,0,0,1,0,1,12.378571428571425,9.6,14.6,12.9,173.29999999999995,9.842857142857143,5.9,14.5,9.75,137.8,23.62857142857143,0.0,100.0,7.65,330.8,10.157142857142857,10.0,11.3,10.0,142.2,13.1,0.0,21.2,9.3
22.8,25.0,100.0,19.3,37.7,1.0,0,1,1,0,41.37,0.0,1,0,0,1,0,0,14,19.964285714285715,18.3,21.5,19.9,279.5,21.814285714285717,14.4,28.3,22.4,305.40000000000003,31.500000000000004,0.0,100.0,25.0,441.00000000000006,35.871428571428574,34.6,37.7,36.0,502.20000000000005,33.3,100.0,30.4,23.2
15.8,100.0,0.0,18.3,36.7,1.0,0,1,1,0,41.37,0.0,1,0,0,1,0,0,13,19.964285714285715,18.3,21.5,19.9,279.5,21.814285714285717,14.4,28.3,22.4,305.40000000000003,31.500000000000004,0.0,100.0,25.0,441.00000000000006,35.871428571428574,34.6,37.7,36.0,502.20000000000005,25.2,100.0,42.4,20.6
14.4,25.0,0.0,18.6,35.6,1.0,0,1,1,0,41.37,0.0,1,0,0,1,0,0,12,19.964285714285715,18.3,21.5,19.9,279.5,21.814285714285717,14.4,28.3,22.4,305.40000000000003,31.500000000000004,0.0,100.0,25.0,441.00000000000006,35.871428571428574,34.6,37.7,36.0,502.20000000000005,26.0,0.0,0.0,21.2
20.9,29.8,0.0,20.2,34.8,1.0,0,1,1,0,41.37,0.0,1,0,0,1,0,0,11,19.964285714285715,18.3,21.5,19.9,279.5,21.814285714285717,14.4,28.3,22.4,305.40000000000003,31.500000000000004,0.0,100.0,25.0,441.00000000000006,35.871428571428574,34.6,37.7,36.0,502.20000000000005,28.8,100.0,0.0,25.0
17.9,25.0,39.4,21.1,34.6,1.0,0,1,1,0,41.37,0.0,1,0,0,1,0,0,10,19.964285714285715,18.3,21.5,19.9,279.5,21.814285714285717,14.4,28.3,22.4,305.40000000000003,31.500000000000004,0.0,100.0,25.0,441.00000000000006,35.871428571428574,34.6,37.7,36.0,502.20000000000005,20.3,25.0,0.0,23.4
24.8,25.0,0.0,19.0,34.9,1.0,0,1,1,0,41.37,0.0,1,0,0,1,0,0,9,19.964285714285715,18.3,21.5,19.9,279.5,21.814285714285717,14.4,28.3,22.4,305.40000000000003,31.500000000000004,0.0,100.0,25.0,441.00000000000006,35.871428571428574,34.6,37.7,36.0,502.20000000000005,24.0,0.0,28.0,20.1
28.3,0.0,100.0,21.5,35.6,1.0,0,1,1,0,41.37,0.0,1,0,0,1,0,0,8,19.964285714285715,18.3,21.5,19.9,279.5,21.814285714285717,14.4,28.3,22.4,305.40000000000003,31.500000000000004,0.0,100.0,25.0,441.00000000000006,35.871428571428574,34.6,37.7,36.0,502.20000000000005,20.2,0.0,0.0,19.0
22.3,0.0,25.0,20.0,35.9,1.0,0,1,1,0,41.37,0.0,1,0,0,1,0,0,7,19.964285714285715,18.3,21.5,19.9,279.5,21.814285714285717,14.4,28.3,22.4,305.40000000000003,31.500000000000004,0.0,100.0,25.0,441.00000000000006,35.871428571428574,34.6,37.7,36.0,502.20000000000005,27.3,25.0,17.8,24.7
22.0,25.0,25.0,19.4,36.1,1.0,0,1,1,0,41.37,0.0,1,0,0,1,0,0,6,19.964285714285715,18.3,21.5,19.9,279.5,21.814285714285717,14.4,28.3,22.4,305.40000000000003,31.500000000000004,0.0,100.0,25.0,441.00000000000006,35.871428571428574,34.6,37.7,36.0,502.20000000000005,26.3,100.0,100.0,16.3
25.1,0.0,25.0,20.5,36.3,1.0,0,1,1,0,41.37,0.0,1,0,0,1,0,0,5,19.964285714285715,18.3,21.5,19.9,279.5,21.814285714285717,14.4,28.3,22.4,305.40000000000003,31.500000000000004,0.0,100.0,25.0,441.00000000000006,35.871428571428574,34.6,37.7,36.0,502.20000000000005,35.2,25.0,25.0,17.9
22.5,100.0,0.0,21.5,36.0,1.0,0,1,1,0,41.37,0.0,1,0,0,1,0,0,4,19.964285714285715,18.3,21.5,19.9,279.5,21.814285714285717,14.4,28.3,22.4,305.40000000000003,31.500000000000004,0.0,100.0,25.0,441.00000000000006,35.871428571428574,34.6,37.7,36.0,502.20000000000005,29.5,100.0,32.3,21.3
23.5,23.1,0.0,19.7,36.0,1.0,0,1,1,0,41.37,0.0,1,0,0,1,0,0,3,19.964285714285715,18.3,21.5,19.9,279.5,21.814285714285717,14.4,28.3,22.4,305.40000000000003,31.500000000000004,0.0,100.0,25.0,441.00000000000006,35.871428571428574,34.6,37.7,36.0,502.20000000000005,23.4,0.0,0.0,19.8
22.3,25.0,71.2,19.8,36.0,1.0,0,1,1,0,41.37,0.0,1,0,0,1,0,0,2,19.964285714285715,18.3,21.5,19.9,279.5,21.814285714285717,14.4,28.3,22.4,305.40000000000003,31.500000000000004,0.0,100.0,25.0,441.00000000000006,35.871428571428574,34.6,37.7,36.0,502.20000000000005,38.5,0.0,50.0,29.9
22.8,38.1,0.0,20.6,36.0,1.0,0,1,1,0,41.37,0.0,1,0,0,1,0,0,1,19.964285714285715,18.3,21.5,19.9,279.5,21.814285714285717,14.4,28.3,22.4,305.40000000000003,31.500000000000004,0.0,100.0,25.0,441.00000000000006,35.871428571428574,34.6,37.7,36.0,502.20000000000005,40.0,25.0,57.1,29.6
26.5,25.0,0.0,26.5,31.7,-2.0,0,1,0,1,29.09,0.0,0,2,0,1,0,0,14,25.75,22.6,28.0,25.85,360.5,26.942857142857143,21.5,32.2,26.65,377.2,27.978571428571428,0.0,100.0,25.0,391.7,32.65714285714286,31.7,33.5,33.0,457.2,30.1,0.0,41.3,18.2
21.8,0.0,30.6,22.6,32.4,-2.0,0,1,0,1,29.09,0.0,0,2,0,1,0,0,13,25.75,22.6,28.0,25.85,360.5,26.942857142857143,21.5,32.2,26.65,377.2,27.978571428571428,0.0,100.0,25.0,391.7,32.65714285714286,31.7,33.5,33.0,457.2,28.0,0.0,24.2,17.3
22.2,25.0,48.6,23.9,33.1,-2.0,0,1,0,1,29.09,0.0,0,2,0,1,0,0,12,25.75,22.6,28.0,25.85,360.5,26.942857142857143,21.5,32.2,26.65,377.2,27.978571428571428,0.0,100.0,25.0,391.7,32.65714285714286,31.7,33.5,33.0,457.2,26.0,0.0,0.0,15.2
21.5,70.2,100.0,24.2,33.5,-2.0,0,1,0,1,29.09,0.0,0,2,0,1,0,0,11,25.75,22.6,28.0,25.85,360.5,26.942857142857143,21.5,32.2,26.65,377.2,27.978571428571428,0.0,100.0,25.0,391.7,32.65714285714286,31.7,33.5,33.0,457.2,24.2,0.0,0.0,14.5
22.1,25.0,0.0,25.4,33.3,-2.0,0,1,0,1,29.09,0.0,0,2,0,1,0,0,10,25.75,22.6,28.0,25.85,360.5,26.942857142857143,21.5,32.2,26.65,377.2,27.978571428571428,0.0,100.0,25.0,391.7,32.65714285714286,31.7,33.5,33.0,457.2,28.8,25.0,0.0,14.9
29.5,25.0,26.2,25.8,33.0,-2.0,0,1,0,1,29.09,0.0,0,2,0,1,0,0,9,25.75,22.6,28.0,25.85,360.5,26.942857142857143,21.5,32.2,26.65,377.2,27.978571428571428,0.0,100.0,25.0,391.7,32.65714285714286,31.7,33.5,33.0,457.2,44.0,0.0,0.0,27.5
32.1,0.0,0.0,26.2,32.2,-2.0,0,1,0,1,29.09,0.0,0,2,0,1,0,0,8,25.75,22.6,28.0,25.85,360.5,26.942857142857143,21.5,32.2,26.65,377.2,27.978571428571428,0.0,100.0,25.0,391.7,32.65714285714286,31.7,33.5,33.0,457.2,50.4,100.0,63.3,28.4
32.0,37.6,25.0,28.0,31.9,-2.0,0,1,0,1,29.09,0.0,0,2,0,1,0,0,7,25.75,22.6,28.0,25.85,360.5,26.942857142857143,21.5,32.2,26.65,377.2,27.978571428571428,0.0,100.0,25.0,391.7,32.65714285714286,31.7,33.5,33.0,457.2,42.2,25.0,26.7,23.8
32.2,25.0,25.0,25.8,32.1,-2.0,0,1,0,1,29.09,0.0,0,2,0,1,0,0,6,25.75,22.6,28.0,25.85,360.5,26.942857142857143,21.5,32.2,26.65,377.2,27.978571428571428,0.0,100.0,25.0,391.7,32.65714285714286,31.7,33.5,33.0,457.2,38.4,0.0,0.0,21.8
30.5,100.0,25.0,26.8,32.0,-2.0,0,1,0,1,29.09,0.0,0,2,0,1,0,0,5,25.75,22.6,28.0,25.85,360.5,26.942857142857143,21.5,32.2,26.65,377.2,27.978571428571428,0.0,100.0,25.0,391.7,32.65714285714286,31.7,33.5,33.0,457.2,29.7,25.0,25.0,19.4
25.5,0.0,100.0,27.2,33.0,-2.0,0,1,0,1,29.09,0.0,0,2,0,1,0,0,4,25.75,22.6,28.0,25.85,360.5,26.942857142857143,21.5,32.2,26.65,377.2,27.978571428571428,0.0,100.0,25.0,391.7,32.65714285714286,31.7,33.5,33.0,457.2,34.6,0.0,35.5,19.4
29.9,0.0,0.0,25.4,33.0,-2.0,0,1,0,1,29.09,0.0,0,2,0,1,0,0,3,25.75,22.6,28.0,25.85,360.5,26.942857142857143,21.5,32.2,26.65,377.2,27.978571428571428,0.0,100.0,25.0,391.7,32.65714285714286,31.7,33.5,33.0,457.2,39.1,0.0,60.7,19.7
24.6,25.0,0.0,25.9,33.0,-2.0,0,1,0,1,29.09,0.0,0,2,0,1,0,0,2,25.75,22.6,28.0,25.85,360.5,26.942857142857143,21.5,32.2,26.65,377.2,27.978571428571428,0.0,100.0,25.0,391.7,32.65714285714286,31.7,33.5,33.0,457.2,26.5,100.0,50.0,18.0
26.8,33.9,0.0,26.8,33.0,-2.0,0,1,0,1,29.09,0.0,0,2,0,1,0,0,1,25.75,22.6,28.0,25.85,360.5,26.942857142857143,21.5,32.2,26.65,377.2,27.978571428571428,0.0,100.0,25.0,391.7,32.65714285714286,31.7,33.5,33.0,457.2,24.2,25.0,0.0,19.2
22.8,25.0,0.0,21.7,7.2,-3.0,1,0,0,1,7.18,0.0,0,3,0,1,0,0,14,19.935714285714287,16.8,22.0,19.9,279.1,22.621428571428574,13.4,29.7,22.15,316.70000000000005,22.664285714285715,0.0,76.9,25.0,317.3,6.485714285714286,6.0,7.2,6.6,90.8,22.6,0.0,28.3,22.8
19.7,0.0,0.0,16.8,6.9,-3.0,1,0,0,1,7.18,0.0,0,3,0,1,0,0,13,19.935714285714287,16.8,22.0,19.9,279.1,22.621428571428574,13.4,29.7,22.15,316.70000000000005,22.664285714285715,0.0,76.9,25.0,317.3,6.485714285714286,6.0,7.2,6.6,90.8,23.4,0.0,33.3,19.5
28.4,25.0,51.4,18.6,6.6,-3.0,1,0,0,1,7.18,0.0,0,3,0,1,0,0,12,19.935714285714287,16.8,22.0,19.9,279.1,22.621428571428574,13.4,29.7,22.15,316.70000000000005,22.664285714285715,0.0,76.9,25.0,317.3,6.485714285714286,6.0,7.2,6.6,90.8,27.4,100.0,100.0,20.1
29.7,0.0,0.0,21.8,6.5,-3.0,1,0,0,1,7.18,0.0,0,3,0,1,0,0,11,19.935714285714287,16.8,22.0,19.9,279.1,22.621428571428574,13.4,29.7,22.15,316.70000000000005,22.664285714285715,0.0,76.9,25.0,317.3,6.485714285714286,6.0,7.2,6.6,90.8,30.3,0.0,39.1,22.1
28.3,25.0,34.2,22.0,6.6,-3.0,1,0,0,1,7.18,0.0,0,3,0,1,0,0,10,19.935714285714287,16.8,22.0,19.9,279.1,22.621428571428574,13.4,29.7,22.15,316.70000000000005,22.664285714285715,0.0,76.9,25.0,317.3,6.485714285714286,6.0,7.2,6.6,90.8,32.2,25.0,100.0,21.5
21.5,25.0,24.6,20.7,6.8,-3.0,1,0,0,1,7.18,0.0,0,3,0,1,0,0,9,19.935714285714287,16.8,22.0,19.9,279.1,22.621428571428574,13.4,29.7,22.15,316.70000000000005,22.664285714285715,0.0,76.9,25.0,317.3,6.485714285714286,6.0,7.2,6.6,90.8,16.0,100.0,24.0,17.2
13.4,0.0,0.0,18.0,6.6,-3.0,1,0,0,1,7.18,0.0,0,3,0,1,0,0,8,19.935714285714287,16.8,22.0,19.9,279.1,22.621428571428574,13.4,29.7,22.15,316.70000000000005,22.664285714285715,0.0,76.9,25.0,317.3,6.485714285714286,6.0,7.2,6.6,90.8,16.0,0.0,20.4,15.4
19.7,62.4,25.0,19.9,6.6,-3.0,1,0,0,1,7.18,0.0,0,3,0,1,0,0,7,19.935714285714287,16.8,22.0,19.9,279.1,22.621428571428574,13.4,29.7,22.15,316.70000000000005,22.664285714285715,0.0,76.9,25.0,317.3,6.485714285714286,6.0,7.2,6.6,90.8,23.4,25.0,55.6,24.7
21.5,25.0,25.0,19.6,6.6,-3.0,1,0,0,1,7.18,0.0,0,3,0,1,0,0,6,19.935714285714287,16.8,22.0,19.9,279.1,22.621428571428574,13.4,29.7,22.15,316.70000000000005,22.664285714285715,0.0,76.9,25.0,317.3,6.485714285714286,6.0,7.2,6.6,90.8,22.2,0.0,0.0,16.5
19.3,0.0,25.0,18.9,6.4,-3.0,1,0,0,1,7.18,0.0,0,3,0,1,0,0,5,19.935714285714287,16.8,22.0,19.9,279.1,22.621428571428574,13.4,29.7,22.15,316.70000000000005,22.664285714285715,0.0,76.9,25.0,317.3,6.485714285714286,6.0,7.2,6.6,90.8,19.8,25.0,25.0,17.5
24.5,0.0,0.0,20.9,6.0,-3.0,1,0,0,1,7.18,0.0,0,3,0,1,0,0,4,19.935714285714287,16.8,22.0,19.9,279.1,22.621428571428574,13.4,29.7,22.15,316.70000000000005,22.664285714285715,0.0,76.9,25.0,317.3,6.485714285714286,6.0,7.2,6.6,90.8,19.2,0.0,32.3,20.3
19.7,76.9,100.0,19.9,6.0,-3.0,1,0,0,1,7.18,0.0,0,3,0,1,0,0,3,19.935714285714287,16.8,22.0,19.9,279.1,22.621428571428574,13.4,29.7,22.15,316.70000000000005,22.664285714285715,0.0,76.9,25.0,317.3,6.485714285714286,6.0,7.2,6.6,90.8,32.8,0.0,39.3,18.3
24.6,25.0,0.0,18.8,6.0,-3.0,1,0,0,1,7.18,0.0,0,3,0,1,0,0,2,19.935714285714287,16.8,22.0,19.9,279.1,22.621428571428574,13.4,29.7,22.15,316.70000000000005,22.664285714285715,0.0,76.9,25.0,317.3,6.485714285714286,6.0,7.2,6.6,90.8,23.1,0.0,0.0,17.0
23.6,28.0,67.3,21.5,6.0,-3.0,1,0,0,1,7.18,0.0,0,3,0,1,0,0,1,19.935714285714287,16.8,22.0,19.9,279.1,22.621428571428574,13.4,29.7,22.15,316.70000000000005,22.664285714285715,0.0,76.9,25.0,317.3,6.485714285714286,6.0,7.2,6.6,90.8,24.2,25.0,0.0,19.6
27.8,25.0,0.0,32.6,4.5,-1.0,1,0,0,1,4.91,0.0,0,1,0,1,0,0,14,34.35714285714286,30.4,42.3,34.05,481.00000000000006,28.614285714285717,24.2,42.7,27.2,400.6,17.857142857142858,0.0,100.0,12.5,250.0,4.814285714285715,4.4,5.2,4.85,67.4,14.0,0.0,0.0,35.9
42.7,0.0,69.4,42.3,4.7,-1.0,1,0,0,1,4.91,0.0,0,1,0,1,0,0,13,34.35714285714286,30.4,42.3,34.05,481.00000000000006,28.614285714285717,24.2,42.7,27.2,400.6,17.857142857142858,0.0,100.0,12.5,250.0,4.814285714285715,4.4,5.2,4.85,67.4,23.4,0.0,0.0,42.7
35.1,25.0,0.0,38.9,5.1,-1.0,1,0,0,1,4.91,0.0,0,1,0,1,0,0,12,34.35714285714286,30.4,42.3,34.05,481.00000000000006,28.614285714285717,24.2,42.7,27.2,400.6,17.857142857142858,0.0,100.0,12.5,250.0,4.814285714285715,4.4,5.2,4.85,67.4,20.5,0.0,0.0,43.5
27.8,0.0,0.0,33.9,5.2,-1.0,1,0,0,1,4.91,0.0,0,1,0,1,0,0,11,34.35714285714286,30.4,42.3,34.05,481.00000000000006,28.614285714285717,24.2,42.7,27.2,400.6,17.857142857142858,0.0,100.0,12.5,250.0,4.814285714285715,4.4,5.2,4.85,67.4,16.7,0.0,60.9,38.4
31.7,25.0,26.5,31.5,5.1,-1.0,1,0,0,1,4.91,0.0,0,1,0,1,0,0,10,34.35714285714286,30.4,42.3,34.05,481.00000000000006,28.614285714285717,24.2,42.7,27.2,400.6,17.857142857142858,0.0,100.0,12.5,250.0,4.814285714285715,4.4,5.2,4.85,67.4,18.6,25.0,0.0,40.2
24.2,25.0,49.2,34.5,4.7,-1.0,1,0,0,1,4.91,0.0,0,1,0,1,0,0,9,34.35714285714286,30.4,42.3,34.05,481.00000000000006,28.614285714285717,24.2,42.7,27.2,400.6,17.857142857142858,0.0,100.0,12.5,250.0,4.814285714285715,4.4,5.2,4.85,67.4,16.0,0.0,48.0,35.1
26.2,100.0,0.0,34.2,4.7,-1.0,1,0,0,1,4.91,0.0,0,1,0,1,0,0,8,34.35714285714286,30.4,42.3,34.05,481.00000000000006,28.614285714285717,24.2,42.7,27.2,400.6,17.857142857142858,0.0,100.0,12.5,250.0,4.814285714285715,4.4,5.2,4.85,67.4,13.4,0.0,16.3,37.2
26.0,0.0,25.0,32.2,4.5,-1.0,1,0,0,1,4.91,0.0,0,1,0,1,0,0,7,34.35714285714286,30.4,42.3,34.05,481.00000000000006,28.614285714285717,24.2,42.7,27.2,400.6,17.857142857142858,0.0,100.0,12.5,250.0,4.814285714285715,4.4,5.2,4.85,67.4,7.0,25.0,0.0,26.9
24.3,25.0,25.0,35.1,4.5,-1.0,1,0,0,1,4.91,0.0,0,1,0,1,0,0,6,34.35714285714286,30.4,42.3,34.05,481.00000000000006,28.614285714285717,24.2,42.7,27.2,400.6,17.857142857142858,0.0,100.0,12.5,250.0,4.814285714285715,4.4,5.2,4.85,67.4,13.1,0.0,0.0,45.4
25.1,0.0,25.0,33.8,4.4,-1.0,1,0,0,1,4.91,0.0,0,1,0,1,0,0,5,34.35714285714286,30.4,42.3,34.05,481.00000000000006,28.614285714285717,24.2,42.7,27.2,400.6,17.857142857142858,0.0,100.0,12.5,250.0,4.814285714285715,4.4,5.2,4.85,67.4,15.4,25.0,25.0,45.3
27.5,0.0,0.0,30.4,5.0,-1.0,1,0,0,1,4.91,0.0,0,1,0,1,0,0,4,34.35714285714286,30.4,42.3,34.05,481.00000000000006,28.614285714285717,24.2,42.7,27.2,400.6,17.857142857142858,0.0,100.0,12.5,250.0,4.814285714285715,4.4,5.2,4.85,67.4,16.7,0.0,0.0,39.0
26.9,0.0,0.0,35.0,5.0,-1.0,1,0,0,1,4.91,0.0,0,1,0,1,0,0,3,34.35714285714286,30.4,42.3,34.05,481.00000000000006,28.614285714285717,24.2,42.7,27.2,400.6,17.857142857142858,0.0,100.0,12.5,250.0,4.814285714285715,4.4,5.2,4.85,67.4,4.7,100.0,0.0,42.2
28.5,25.0,28.8,35.5,5.0,-1.0,1,0,0,1,4.91,0.0,0,1,0,1,0,0,2,34.35714285714286,30.4,42.3,34.05,481.00000000000006,28.614285714285717,24.2,42.7,27.2,400.6,17.857142857142858,0.0,100.0,12.5,250.0,4.814285714285715,4.4,5.2,4.85,67.4,12.0,0.0,0.0,35.1
26.8,0.0,32.7,31.1,5.0,-1.0,1,0,0,1,4.91,0.0,0,1,0,1,0,0,1,34.35714285714286,30.4,42.3,34.05,481.00000000000006,28.614285714285717,24.2,42.7,27.2,400.6,17.857142857142858,0.0,100.0,12.5,250.0,4.814285714285715,4.4,5.2,4.85,67.4,11.6,25.0,42.9,31.6
30.9,0.0,24.4,29.3,41.5,-2.0,0,1,1,0,40.56,3.0,0,2,0,0,0,1,14,26.45,23.6,30.4,26.35,370.3,33.32857142857143,25.6,40.8,32.95,466.59999999999997,11.907142857142857,0.0,41.7,0.0,166.7,41.99285714285714,41.4,43.7,41.849999999999994,587.9,57.0,58.4,47.7,58.3
29.9,25.0,46.3,27.3,42.2,-2.0,0,1,1,0,40.56,3.0,0,2,0,0,0,1,13,26.45,23.6,30.4,26.35,370.3,33.32857142857143,25.6,40.8,32.95,466.59999999999997,11.907142857142857,0.0,41.7,0.0,166.7,41.99285714285714,41.4,43.7,41.849999999999994,587.9,60.0,69.1,57.8,58.5
39.7,0.0,43.1,26.1,42.4,-2.0,0,1,1,0,40.56,3.0,0,2,0,0,0,1,12,26.45,23.6,30.4,26.35,370.3,33.32857142857143,25.6,40.8,32.95,466.59999999999997,11.907142857142857,0.0,41.7,0.0,166.7,41.99285714285714,41.4,43.7,41.849999999999994,587.9,56.4,25.0,50.5,57.5
35.4,41.7,25.5,27.6,42.4,-2.0,0,1,1,0,40.56,3.0,0,2,0,0,0,1,11,26.45,23.6,30.4,26.35,370.3,33.32857142857143,25.6,40.8,32.95,466.59999999999997,11.907142857142857,0.0,41.7,0.0,166.7,41.99285714285714,41.4,43.7,41.849999999999994,587.9,53.6,25.0,66.7,60.5
25.6,0.0,16.3,24.7,41.4,-2.0,0,1,1,0,40.56,3.0,0,2,0,0,0,1,10,26.45,23.6,30.4,26.35,370.3,33.32857142857143,25.6,40.8,32.95,466.59999999999997,11.907142857142857,0.0,41.7,0.0,166.7,41.99285714285714,41.4,43.7,41.849999999999994,587.9,45.3,0.0,60.9,58.0
33.3,25.0,34.1,30.4,41.5,-2.0,0,1,1,0,40.56,3.0,0,2,0,0,0,1,9,26.45,23.6,30.4,26.35,370.3,33.32857142857143,25.6,40.8,32.95,466.59999999999997,11.907142857142857,0.0,41.7,0.0,166.7,41.99285714285714,41.4,43.7,41.849999999999994,587.9,36.7,0.0,37.1,50.1
39.5,0.0,30.2,27.4,41.4,-2.0,0,1,1,0,40.56,3.0,0,2,0,0,0,1,8,26.45,23.6,30.4,26.35,370.3,33.32857142857143,25.6,40.8,32.95,466.59999999999997,11.907142857142857,0.0,41.7,0.0,166.7,41.99285714285714,41.4,43.7,41.849999999999994,587.9,46.9,25.0,47.5,51.9
37.0,0.0,24.6,26.9,41.7,-2.0,0,1,1,0,40.56,3.0,0,2,0,0,0,1,7,26.45,23.6,30.4,26.35,370.3,33.32857142857143,25.6,40.8,32.95,466.59999999999997,11.907142857142857,0.0,41.7,0.0,166.7,41.99285714285714,41.4,43.7,41.849999999999994,587.9,54.7,100.0,48.1,53.6
40.8,25.0,43.5,25.7,41.9,-2.0,0,1,1,0,40.56,3.0,0,2,0,0,0,1,6,26.45,23.6,30.4,26.35,370.3,33.32857142857143,25.6,40.8,32.95,466.59999999999997,11.907142857142857,0.0,41.7,0.0,166.7,41.99285714285714,41.4,43.7,41.849999999999994,587.9,63.6,0.0,44.4,54.2
31.7,25.0,19.3,23.8,41.8,-2.0,0,1,1,0,40.56,3.0,0,2,0,0,0,1,5,26.45,23.6,30.4,26.35,370.3,33.32857142857143,25.6,40.8,32.95,466.59999999999997,11.907142857142857,0.0,41.7,0.0,166.7,41.99285714285714,41.4,43.7,41.849999999999994,587.9,43.3,0.0,28.6,54.1
26.7,25.0,38.8,23.6,41.9,-2.0,0,1,1,0,40.56,3.0,0,2,0,0,0,1,4,26.45,23.6,30.4,26.35,370.3,33.32857142857143,25.6,40.8,32.95,466.59999999999997,11.907142857142857,0.0,41.7,0.0,166.7,41.99285714285714,41.4,43.7,41.849999999999994,587.9,49.7,100.0,44.7,58.2
30.2,0.0,24.8,26.2,42.3,-2.0,0,1,1,0,40.56,3.0,0,2,0,0,0,1,3,26.45,23.6,30.4,26.35,370.3,33.32857142857143,25.6,40.8,32.95,466.59999999999997,11.907142857142857,0.0,41.7,0.0,166.7,41.99285714285714,41.4,43.7,41.849999999999994,587.9,49.6,25.0,53.4,51.5
33.3,0.0,23.3,26.5,41.8,-2.0,0,1,1,0,40.56,3.0,0,2,0,0,0,1,2,26.45,23.6,30.4,26.35,370.3,33.32857142857143,25.6,40.8,32.95,466.59999999999997,11.907142857142857,0.0,41.7,0.0,166.7,41.99285714285714,41.4,43.7,41.849999999999994,587.9,60.6,0.0,41.2,57.1
32.6,0.0,17.2,24.8,43.7,-2.0,0,1,1,0,40.56,3.0,0,2,0,0,0,1,1,26.45,23.6,30.4,26.35,370.3,33.32857142857143,25.6,40.8,32.95,466.59999999999997,11.907142857142857,0.0,41.7,0.0,166.7,41.99285714285714,41.4,43.7,41.849999999999994,587.9,50.0,0.0,46.6,60.1
35.4,0.0,22.8,26.5,19.6,2.0,1,0,0,1,17.83,3.0,2,0,0,0,0,1,14,26.2,23.6,29.7,26.0,366.8,30.8,23.5,36.4,31.0,431.2,49.99285714285715,0.0,100.0,25.0,699.9000000000001,19.535714285714285,18.2,20.5,19.55,273.5,22.6,0.0,42.3,26.7
36.4,25.0,8.3,29.5,19.7,2.0,1,0,0,1,17.83,3.0,2,0,0,0,0,1,13,26.2,23.6,29.7,26.0,366.8,30.8,23.5,36.4,31.0,431.2,49.99285714285715,0.0,100.0,25.0,699.9000000000001,19.535714285714285,18.2,20.5,19.55,273.5,28.2,30.9,25.0,29.7
29.3,100.0,34.0,29.7,19.3,2.0,1,0,0,1,17.83,3.0,2,0,0,0,0,1,12,26.2,23.6,29.7,26.0,366.8,30.8,23.5,36.4,31.0,431.2,49.99285714285715,0.0,100.0,25.0,699.9000000000001,19.535714285714285,18.2,20.5,19.55,273.5,29.8,25.0,42.9,29.2
28.6,20.2,32.9,25.6,19.3,2.0,1,0,0,1,17.83,3.0,2,0,0,0,0,1,11,26.2,23.6,29.7,26.0,366.8,30.8,23.5,36.4,31.0,431.2,49.99285714285715,0.0,100.0,25.0,699.9000000000001,19.535714285714285,18.2,20.5,19.55,273.5,26.8,25.0,22.7,25.8
35.4,100.0,37.4,26.4,19.7,2.0,1,0,0,1,17.83,3.0,2,0,0,0,0,1,10,26.2,23.6,29.7,26.0,366.8,30.8,23.5,36.4,31.0,431.2,49.99285714285715,0.0,100.0,25.0,699.9000000000001,19.535714285714285,18.2,20.5,19.55,273.5,50.9,100.0,39.1,31.1
31.4,25.0,29.3,25.4,19.9,2.0,1,0,0,1,17.83,3.0,2,0,0,0,0,1,9,26.2,23.6,29.7,26.0,366.8,30.8,23.5,36.4,31.0,431.2,49.99285714285715,0.0,100.0,25.0,699.9000000000001,19.535714285714285,18.2,20.5,19.55,273.5,53.3,100.0,58.4,38.5
27.4,0.0,23.5,26.3,20.5,2.0,1,0,0,1,17.83,3.0,2,0,0,0,0,1,8,26.2,23.6,29.7,26.0,366.8,30.8,23.5,36.4,31.0,431.2,49.99285714285715,0.0,100.0,25.0,699.9000000000001,19.535714285714285,18.2,20.5,19.55,273.5,37.8,25.0,36.1,34.9
32.0,100.0,21.9,27.1,20.3,2.0,1,0,0,1,17.83,3.0,2,0,0,0,0,1,7,26.2,23.6,29.7,26.0,366.8,30.8,23.5,36.4,31.0,431.2,49.99285714285715,0.0,100.0,25.0,699.9000000000001,19.535714285714285,18.2,20.5,19.55,273.5,27.4,0.0,42.3,32.9
23.5,25.0,0.0,28.3,19.7,2.0,1,0,0,1,17.83,3.0,2,0,0,0,0,1,6,26.2,23.6,29.7,26.0,366.8,30.8,23.5,36.4,31.0,431.2,49.99285714285715,0.0,100.0,25.0,699.9000000000001,19.535714285714285,18.2,20.5,19.55,273.5,18.7,29.5,30.3,30.9
35.3,25.0,23.0,23.6,19.5,2.0,1,0,0,1,17.83,3.0,2,0,0,0,0,1,5,26.2,23.6,29.7,26.0,366.8,30.8,23.5,36.4,31.0,431.2,49.99285714285715,0.0,100.0,25.0,699.9000000000001,19.535714285714285,18.2,20.5,19.55,273.5,20.0,32.0,20.0,30.6
26.7,25.0,11.0,24.0,19.4,2.0,1,0,0,1,17.83,3.0,2,0,0,0,0,1,4,26.2,23.6,29.7,26.0,366.8,30.8,23.5,36.4,31.0,431.2,49.99285714285715,0.0,100.0,25.0,699.9000000000001,19.535714285714285,18.2,20.5,19.55,273.5,14.7,0.0,31.7,27.5
30.6,100.0,27.1,25.7,19.0,2.0,1,0,0,1,17.83,3.0,2,0,0,0,0,1,3,26.2,23.6,29.7,26.0,366.8,30.8,23.5,36.4,31.0,431.2,49.99285714285715,0.0,100.0,25.0,699.9000000000001,19.535714285714285,18.2,20.5,19.55,273.5,28.4,25.0,25.4,36.1
32.2,54.7,27.4,23.9,19.4,2.0,1,0,0,1,17.83,3.0,2,0,0,0,0,1,2,26.2,23.6,29.7,26.0,366.8,30.8,23.5,36.4,31.0,431.2,49.99285714285715,0.0,100.0,25.0,699.9000000000001,19.535714285714285,18.2,20.5,19.55,273.5,15.2,0.0,23.7,30.6
27.0,100.0,12.9,24.8,18.2,2.0,1,0,0,1,17.83,3.0,2,0,0,0,0,1,1,26.2,23.6,29.7,26.0,366.8,30.8,23.5,36.4,31.0,431.2,49.99285714285715,0.0,100.0,25.0,699.9000000000001,19.535714285714285,18.2,20.5,19.55,273.5,20.0,0.0,23.0,24.7
18.5,100.0,29.9,19.2,11.6,1.0,0,1,0,1,11.84,3.0,1,0,0,0,0,1,14,19.071428571428573,15.3,21.6,19.15,267.0,16.392857142857142,11.2,23.3,16.05,229.5,25.942857142857143,0.0,100.0,25.0,363.2,11.864285714285714,11.1,12.7,11.8,166.1,14.0,0.0,3.6,6.0
11.2,25.0,25.4,20.5,11.7,1.0,0,1,0,1,11.84,3.0,1,0,0,0,0,1,13,19.071428571428573,15.3,21.6,19.15,267.0,16.392857142857142,11.2,23.3,16.05,229.5,25.942857142857143,0.0,100.0,25.0,363.2,11.864285714285714,11.1,12.7,11.8,166.1,8.2,0.0,17.2,5.6
13.8,0.0,12.2,20.8,11.8,1.0,0,1,0,1,11.84,3.0,1,0,0,0,0,1,12,19.071428571428573,15.3,21.6,19.15,267.0,16.392857142857142,11.2,23.3,16.05,229.5,25.942857142857143,0.0,100.0,25.0,363.2,11.864285714285714,11.1,12.7,11.8,166.1,8.5,25.0,0.0,5.9
13.1,38.2,30.2,19.1,11.8,1.0,0,1,0,1,11.84,3.0,1,0,0,0,0,1,11,19.071428571428573,15.3,21.6,19.15,267.0,16.392857142857142,11.2,23.3,16.05,229.5,25.942857142857143,0.0,100.0,25.0,363.2,11.864285714285714,11.1,12.7,11.8,166.1,12.5,25.0,0.0,6.2
15.9,0.0,13.0,21.6,11.6,1.0,0,1,0,1,11.84,3.0,1,0,0,0,0,1,10,19.071428571428573,15.3,21.6,19.15,267.0,16.392857142857142,11.2,23.3,16.05,229.5,25.942857142857143,0.0,100.0,25.0,363.2,11.864285714285714,11.1,12.7,11.8,166.1,0.0,0.0,0.0,4.3
15.7,25.0,36.6,20.8,11.4,1.0,0,1,0,1,11.84,3.0,1,0,0,0,0,1,9,19.071428571428573,15.3,21.6,19.15,267.0,16.392857142857142,11.2,23.3,16.05,229.5,25.942857142857143,0.0,100.0,25.0,363.2,11.864285714285714,11.1,12.7,11.8,166.1,5.0,0.0,4.5,4.7
14.2,100.0,30.7,20.3,11.1,1.0,0,1,0,1,11.84,3.0,1,0,0,0,0,1,8,19.071428571428573,15.3,21.6,19.15,267.0,16.392857142857142,11.2,23.3,16.05,229.5,25.942857142857143,0.0,100.0,25.0,363.2,11.864285714285714,11.1,12.7,11.8,166.1,11.2,25.0,6.6,6.6
19.0,0.0,29.8,19.2,11.4,1.0,0,1,0,1,11.84,3.0,1,0,0,0,0,1,7,19.071428571428573,15.3,21.6,19.15,267.0,16.392857142857142,11.2,23.3,16.05,229.5,25.942857142857143,0.0,100.0,25.0,363.2,11.864285714285714,11.1,12.7,11.8,166.1,10.4,0.0,2.9,6.2
16.2,25.0,39.3,17.8,11.9,1.0,0,1,0,1,11.84,3.0,1,0,0,0,0,1,6,19.071428571428573,15.3,21.6,19.15,267.0,16.392857142857142,11.2,23.3,16.05,229.5,25.942857142857143,0.0,100.0,25.0,363.2,11.864285714285714,11.1,12.7,11.8,166.1,11.2,50.0,9.1,7.1
12.5,25.0,36.6,18.8,12.0,1.0,0,1,0,1,11.84,3.0,1,0,0,0,0,1,5,19.071428571428573,15.3,21.6,19.15,267.0,16.392857142857142,11.2,23.3,16.05,229.5,25.942857142857143,0.0,100.0,25.0,363.2,11.864285714285714,11.1,12.7,11.8,166.1,10.0,35.0,0.0,6.4
19.0,25.0,28.2,15.3,12.0,1.0,0,1,0,1,11.84,3.0,1,0,0,0,0,1,4,19.071428571428573,15.3,21.6,19.15,267.0,16.392857142857142,11.2,23.3,16.05,229.5,25.942857142857143,0.0,100.0,25.0,363.2,11.864285714285714,11.1,12.7,11.8,166.1,11.9,0.0,5.7,6.3
23.3,0.0,26.7,17.1,12.4,1.0,0,1,0,1,11.84,3.0,1,0,0,0,0,1,3,19.071428571428573,15.3,21.6,19.15,267.0,16.392857142857142,11.2,23.3,16.05,229.5,25.942857142857143,0.0,100.0,25.0,363.2,11.864285714285714,11.1,12.7,11.8,166.1,10.6,25.0,0.0,5.0
16.7,0.0,32.0,17.7,12.7,1.0,0,1,0,1,11.84,3.0,1,0,0,0,0,1,2,19.071428571428573,15.3,21.6,19.15,267.0,16.392857142857142,11.2,23.3,16.05,229.5,25.942857142857143,0.0,100.0,25.0,363.2,11.864285714285714,11.1,12.7,11.8,166.1,11.5,100.0,7.1,5.1
20.4,0.0,39.1,18.8,12.7,1.0,0,1,0,1,11.84,3.0,1,0,0,0,0,1,1,19.071428571428573,15.3,21.6,19.15,267.0,16.392857142857142,11.2,23.3,16.05,229.5,25.942857142857143,0.0,100.0,25.0,363.2,11.864285714285714,11.1,12.7,11.8,166.1,8.2,100.0,5.2,6.6
15.2,0.0,22.8,25.1,7.0,3.0,0,1,0,1,7.69,3.0,3,0,0,0,0,1,14,28.29285714285714,22.7,37.0,27.5,396.09999999999997,19.478571428571428,12.0,27.5,19.55,272.7,12.164285714285715,0.0,45.3,0.0,170.3,7.2714285714285705,7.0,7.6,7.3,101.79999999999998,6.5,41.6,6.3,9.0
22.5,25.0,20.0,22.7,7.1,3.0,0,1,0,1,7.69,3.0,3,0,0,0,0,1,13,28.29285714285714,22.7,37.0,27.5,396.09999999999997,19.478571428571428,12.0,27.5,19.55,272.7,12.164285714285715,0.0,45.3,0.0,170.3,7.2714285714285705,7.0,7.6,7.3,101.79999999999998,3.5,0.0,0.0,6.3
17.2,0.0,10.6,23.4,7.3,3.0,0,1,0,1,7.69,3.0,3,0,0,0,0,1,12,28.29285714285714,22.7,37.0,27.5,396.09999999999997,19.478571428571428,12.0,27.5,19.55,272.7,12.164285714285715,0.0,45.3,0.0,170.3,7.2714285714285705,7.0,7.6,7.3,101.79999999999998,5.3,25.0,6.6,7.4
22.9,0.0,11.4,27.7,7.3,3.0,0,1,0,1,7.69,3.0,3,0,0,0,0,1,11,28.29285714285714,22.7,37.0,27.5,396.09999999999997,19.478571428571428,12.0,27.5,19.55,272.7,12.164285714285715,0.0,45.3,0.0,170.3,7.2714285714285705,7.0,7.6,7.3,101.79999999999998,7.1,25.0,10.7,7.4
23.2,0.0,33.3,27.3,7.3,3.0,0,1,0,1,7.69,3.0,3,0,0,0,0,1,10,28.29285714285714,22.7,37.0,27.5,396.09999999999997,19.478571428571428,12.0,27.5,19.55,272.7,12.164285714285715,0.0,45.3,0.0,170.3,7.2714285714285705,7.0,7.6,7.3,101.79999999999998,3.8,0.0,0.0,6.6
19.5,25.0,0.0,23.5,7.2,3.0,0,1,0,1,7.69,3.0,3,0,0,0,0,1,9,28.29285714285714,22.7,37.0,27.5,396.09999999999997,19.478571428571428,12.0,27.5,19.55,272.7,12.164285714285715,0.0,45.3,0.0,170.3,7.2714285714285705,7.0,7.6,7.3,101.79999999999998,5.0,0.0,0.0,6.7
18.9,0.0,15.6,26.0,7.0,3.0,0,1,0,1,7.69,3.0,3,0,0,0,0,1,8,28.29285714285714,22.7,37.0,27.5,396.09999999999997,19.478571428571428,12.0,27.5,19.55,272.7,12.164285714285715,0.0,45.3,0.0,170.3,7.2714285714285705,7.0,7.6,7.3,101.79999999999998,4.1,25.0,9.8,6.6
12.0,0.0,23.7,26.8,7.1,3.0,0,1,0,1,7.69,3.0,3,0,0,0,0,1,7,28.29285714285714,22.7,37.0,27.5,396.09999999999997,19.478571428571428,12.0,27.5,19.55,272.7,12.164285714285715,0.0,45.3,0.0,170.3,7.2714285714285705,7.0,7.6,7.3,101.79999999999998,7.5,0.0,6.7,7.3
19.6,25.0,17.3,28.2,7.3,3.0,0,1,0,1,7.69,3.0,3,0,0,0,0,1,6,28.29285714285714,22.7,37.0,27.5,396.09999999999997,19.478571428571428,12.0,27.5,19.55,272.7,12.164285714285715,0.0,45.3,0.0,170.3,7.2714285714285705,7.0,7.6,7.3,101.79999999999998,6.5,20.5,16.2,7.8
20.5,25.0,21.1,33.9,7.3,3.0,0,1,0,1,7.69,3.0,3,0,0,0,0,1,5,28.29285714285714,22.7,37.0,27.5,396.09999999999997,19.478571428571428,12.0,27.5,19.55,272.7,12.164285714285715,0.0,45.3,0.0,170.3,7.2714285714285705,7.0,7.6,7.3,101.79999999999998,26.7,33.0,51.4,8.9
27.5,25.0,22.0,37.0,7.3,3.0,0,1,0,1,7.69,3.0,3,0,0,0,0,1,4,28.29285714285714,22.7,37.0,27.5,396.09999999999997,19.478571428571428,12.0,27.5,19.55,272.7,12.164285714285715,0.0,45.3,0.0,170.3,7.2714285714285705,7.0,7.6,7.3,101.79999999999998,23.8,0.0,17.9,8.0
15.9,0.0,21.4,31.0,7.6,3.0,0,1,0,1,7.69,3.0,3,0,0,0,0,1,3,28.29285714285714,22.7,37.0,27.5,396.09999999999997,19.478571428571428,12.0,27.5,19.55,272.7,12.164285714285715,0.0,45.3,0.0,170.3,7.2714285714285705,7.0,7.6,7.3,101.79999999999998,11.3,25.0,21.2,7.4
17.8,45.3,17.4,31.9,7.5,3.0,0,1,0,1,7.69,3.0,3,0,0,0,0,1,2,28.29285714285714,22.7,37.0,27.5,396.09999999999997,19.478571428571428,12.0,27.5,19.55,272.7,12.164285714285715,0.0,45.3,0.0,170.3,7.2714285714285705,7.0,7.6,7.3,101.79999999999998,12.7,0.0,28.0,7.2
20.0,0.0,30.9,31.6,7.5,3.0,0,1,0,1,7.69,3.0,3,0,0,0,0,1,1,28.29285714285714,22.7,37.0,27.5,396.09999999999997,19.478571428571428,12.0,27.5,19.55,272.7,12.164285714285715,0.0,45.3,0.0,170.3,7.2714285714285705,7.0,7.6,7.3,101.79999999999998,21.8,0.0,25.3,8.6
